﻿Estimate Compensation label,Order Date,Region,Sales Person1,Total Sales label,% of quota achieved,Achieved Quota,Achievement (estimated),Base (Variable),Commission (Variable),OTE (Variable),Sales,Sort by field,Total Compensation
Estimated Compensation:,1/1/2002 12:00:00 AM,Central,Donald Mitchell,Total Sales:,15%,Below 50%,"$74,814.00","$50,000.00","$13,765.78","$142,000.00","74,814",0,"$63,765.78"
Estimated Compensation:,1/1/2002 12:00:00 AM,Central,Donna Walker,Total Sales:,38%,Below 50%,"$188,411.00","$50,000.00","$34,667.62","$142,000.00","188,411",0,"$84,667.62"
Estimated Compensation:,1/1/2002 12:00:00 AM,Central,Jennifer Anderson,Total Sales:,21%,Below 50%,"$105,709.00","$50,000.00","$19,450.46","$142,000.00","105,709",0,"$69,450.46"
Estimated Compensation:,1/1/2002 12:00:00 AM,Central,John Jones,Total Sales:,132%,100% +,"$658,205.00","$50,000.00","$121,109.72","$142,000.00","658,205",0,"$171,109.72"
Estimated Compensation:,1/1/2002 12:00:00 AM,Central,Lisa Martin,Total Sales:,84%,75-100%,"$417,542.00","$50,000.00","$76,827.73","$142,000.00","417,542",0,"$126,827.73"
Estimated Compensation:,1/1/2002 12:00:00 AM,Central,Mark Carter,Total Sales:,3%,Below 50%,"$14,899.00","$50,000.00","$2,741.42","$142,000.00","14,899",0,"$52,741.42"
Estimated Compensation:,1/1/2002 12:00:00 AM,Central,Michael Moore,Total Sales:,108%,100% +,"$541,602.00","$50,000.00","$99,654.77","$142,000.00","541,602",0,"$149,654.77"
Estimated Compensation:,1/1/2002 12:00:00 AM,Central,Nancy Garcia,Total Sales:,85%,75-100%,"$427,021.00","$50,000.00","$78,571.86","$142,000.00","427,021",0,"$128,571.86"
Estimated Compensation:,1/1/2002 12:00:00 AM,Central,Sarah Scott,Total Sales:,30%,Below 50%,"$150,404.00","$50,000.00","$27,674.34","$142,000.00","150,404",0,"$77,674.34"
Estimated Compensation:,1/1/2002 12:00:00 AM,Central,Susan Jackson,Total Sales:,59%,50-75%,"$293,042.00","$50,000.00","$53,919.73","$142,000.00","293,042",0,"$103,919.73"
Estimated Compensation:,1/1/2002 12:00:00 AM,Central,William Taylor,Total Sales:,12%,Below 50%,"$59,687.00","$50,000.00","$10,982.41","$142,000.00","59,687",0,"$60,982.41"
Estimated Compensation:,1/1/2002 12:00:00 AM,East,Barbara Davis,Total Sales:,81%,75-100%,"$403,469.00","$50,000.00","$74,238.30","$142,000.00","403,469",0,"$124,238.30"
Estimated Compensation:,1/1/2002 12:00:00 AM,East,Carol Allen,Total Sales:,90%,75-100%,"$448,279.00","$50,000.00","$82,483.34","$142,000.00","448,279",0,"$132,483.34"
Estimated Compensation:,1/1/2002 12:00:00 AM,East,Charles Lee,Total Sales:,112%,100% +,"$562,354.00","$50,000.00","$103,473.14","$142,000.00","562,354",0,"$153,473.14"
Estimated Compensation:,1/1/2002 12:00:00 AM,East,Christopher Wright,Total Sales:,16%,Below 50%,"$80,850.00","$50,000.00","$14,876.40","$142,000.00","80,850",0,"$64,876.40"
Estimated Compensation:,1/1/2002 12:00:00 AM,East,David Thompson,Total Sales:,83%,75-100%,"$413,276.00","$50,000.00","$76,042.78","$142,000.00","413,276",0,"$126,042.78"
Estimated Compensation:,1/1/2002 12:00:00 AM,East,Deborah Adams,Total Sales:,41%,Below 50%,"$206,611.00","$50,000.00","$38,016.42","$142,000.00","206,611",0,"$88,016.42"
Estimated Compensation:,1/1/2002 12:00:00 AM,East,Donald Mitchell,Total Sales:,2%,Below 50%,"$10,297.00","$50,000.00","$1,894.65","$142,000.00","10,297",0,"$51,894.65"
Estimated Compensation:,1/1/2002 12:00:00 AM,East,Elizabeth Miller,Total Sales:,138%,100% +,"$692,145.00","$50,000.00","$127,354.68","$142,000.00","692,145",0,"$177,354.68"
Estimated Compensation:,1/1/2002 12:00:00 AM,East,James Williams,Total Sales:,154%,100% +,"$771,108.00","$50,000.00","$141,883.87","$142,000.00","771,108",0,"$191,883.87"
Estimated Compensation:,1/1/2002 12:00:00 AM,East,Jessica Baker,Total Sales:,137%,100% +,"$684,402.00","$50,000.00","$125,929.97","$142,000.00","684,402",0,"$175,929.97"
Estimated Compensation:,1/1/2002 12:00:00 AM,East,Joseph Hall,Total Sales:,75%,50-75%,"$373,564.00","$50,000.00","$68,735.78","$142,000.00","373,564",0,"$118,735.78"
Estimated Compensation:,1/1/2002 12:00:00 AM,East,Kimberly Green,Total Sales:,6%,Below 50%,"$29,418.00","$50,000.00","$5,412.91","$142,000.00","29,418",0,"$55,412.91"
Estimated Compensation:,1/1/2002 12:00:00 AM,East,Laura Hill,Total Sales:,57%,50-75%,"$282,842.00","$50,000.00","$52,042.93","$142,000.00","282,842",0,"$102,042.93"
Estimated Compensation:,1/1/2002 12:00:00 AM,East,Patricia Johnson,Total Sales:,99%,75-100%,"$494,420.00","$50,000.00","$90,973.28","$142,000.00","494,420",0,"$140,973.28"
Estimated Compensation:,1/1/2002 12:00:00 AM,East,Paul Nelson,Total Sales:,36%,Below 50%,"$177,526.00","$50,000.00","$32,664.78","$142,000.00","177,526",0,"$82,664.78"
Estimated Compensation:,1/1/2002 12:00:00 AM,East,Richard Martinez,Total Sales:,229%,100% +,"$1,144,601.00","$50,000.00","$210,606.58","$142,000.00","1,144,601",0,"$260,606.58"
Estimated Compensation:,1/1/2002 12:00:00 AM,East,Robert Wilson,Total Sales:,202%,100% +,"$1,007,743.00","$50,000.00","$185,424.71","$142,000.00","1,007,743",0,"$235,424.71"
Estimated Compensation:,1/1/2002 12:00:00 AM,East,Sharon King,Total Sales:,105%,100% +,"$524,329.00","$50,000.00","$96,476.54","$142,000.00","524,329",0,"$146,476.54"
Estimated Compensation:,1/1/2002 12:00:00 AM,West,Betty Clark,Total Sales:,35%,Below 50%,"$176,859.00","$50,000.00","$32,542.06","$142,000.00","176,859",0,"$82,542.06"
Estimated Compensation:,1/1/2002 12:00:00 AM,West,Daniel Gonzalez,Total Sales:,59%,50-75%,"$295,899.00","$50,000.00","$54,445.42","$142,000.00","295,899",0,"$104,445.42"
Estimated Compensation:,1/1/2002 12:00:00 AM,West,Dorothy Harris,Total Sales:,91%,75-100%,"$454,096.00","$50,000.00","$83,553.66","$142,000.00","454,096",0,"$133,553.66"
Estimated Compensation:,1/1/2002 12:00:00 AM,West,Helen Rodriguez,Total Sales:,58%,50-75%,"$288,145.00","$50,000.00","$53,018.68","$142,000.00","288,145",0,"$103,018.68"
Estimated Compensation:,1/1/2002 12:00:00 AM,West,Karen Robinson,Total Sales:,50%,50-75%,"$250,824.00","$50,000.00","$46,151.62","$142,000.00","250,824",0,"$96,151.62"
Estimated Compensation:,1/1/2002 12:00:00 AM,West,Linda Brown,Total Sales:,59%,50-75%,"$295,478.00","$50,000.00","$54,367.95","$142,000.00","295,478",0,"$104,367.95"
Estimated Compensation:,1/1/2002 12:00:00 AM,West,Margaret White,Total Sales:,95%,75-100%,"$476,543.00","$50,000.00","$87,683.91","$142,000.00","476,543",0,"$137,683.91"
Estimated Compensation:,1/1/2002 12:00:00 AM,West,Maria Thomas,Total Sales:,64%,50-75%,"$318,242.00","$50,000.00","$58,556.53","$142,000.00","318,242",0,"$108,556.53"
Estimated Compensation:,1/1/2002 12:00:00 AM,West,Mary Smith,Total Sales:,43%,Below 50%,"$215,712.00","$50,000.00","$39,691.01","$142,000.00","215,712",0,"$89,691.01"
Estimated Compensation:,1/1/2002 12:00:00 AM,West,Michelle Lopez,Total Sales:,22%,Below 50%,"$108,146.00","$50,000.00","$19,898.86","$142,000.00","108,146",0,"$69,898.86"
Estimated Compensation:,1/1/2002 12:00:00 AM,West,Ruth Hernandez,Total Sales:,110%,100% +,"$548,623.00","$50,000.00","$100,946.63","$142,000.00","548,623",0,"$150,946.63"
Estimated Compensation:,1/1/2002 12:00:00 AM,West,Sandra Lewis,Total Sales:,63%,50-75%,"$312,542.00","$50,000.00","$57,507.73","$142,000.00","312,542",0,"$107,507.73"
Estimated Compensation:,1/1/2002 12:00:00 AM,West,Thomas Young,Total Sales:,78%,75-100%,"$388,516.00","$50,000.00","$71,486.94","$142,000.00","388,516",0,"$121,486.94"
Estimated Compensation:,1/1/2002 12:00:00 AM,West,William Taylor,Total Sales:,47%,Below 50%,"$234,681.00","$50,000.00","$43,181.30","$142,000.00","234,681",0,"$93,181.30"
